city,state
Dravosburg,PA
Braddock,PA
Carnegie,PA
Pittsburgh,PA
Homestead,PA
Munhall,PA
West Homestead,PA
West Mifflin,PA
McKees Rocks,PA
Mc Kees Rocks,PA
Bellvue,PA
Bellevue,PA
Swissvale,PA
Aspinwall,PA
Brookline,PA
Mount Lebanon,PA
Castle Shannon,PA
Belmont,NC
Huntersville,NC
Matthews,NC
Mount Holly,NC
Pineville,NC
Charlotte,NC
Fort Mill,SC
Lake Wylie,SC
Clover,SC
Rock Hill,SC
De Forest,WI
DeForest,WI
Mc Farland,WI
Middleton,WI
Sun Prairie,WI
Windsor,WI
Madison,WI
Monona,WI
Urbana,IL
Champaign,IL
Savoy,IL
Phoenix,AZ
Scottsdale,AZ
Glendale,AZ
Ahwatukee,AZ
Pheonix,AZ
Anthem,AZ
Mesa,AZ
Gold Canyon,AZ
Apache Junction,AZ
Casa Grande,AZ
Chandler,AZ
Coolidge,AZ
Florence,AZ
Gilbert,AZ
Queen Creek,AZ
Sun Lakes,AZ
Tempe,AZ
Fountain Hills,AZ
glendale,AZ
Black Canyon City,AZ
Buckeye,AZ
Goodyear,AZ
Litchfield Park,AZ
Tonopah,AZ
Surprise,AZ
Peoria,AZ
Wickenburg,AZ
Sedona,AZ
Henderson,NV
Las Vegas,NV
North Las Vegas,NV
N Las Vegas,NV
N. Las Vegas,NV
Mount Washington,PA
Sharpsburg,PA
Wilkinsburg,PA
Brentwood,PA
Crafton,PA
Concord,NC
Concord Mills,NC
Harrisburg,NC
Indian Trail,NC
McAdenville,NC
Mint Hill,NC
Pittsburgh,FL
Cottage Grove,WI
Fitchburg,WI
Stoughton,WI
Verona,WI
Waunakee,WI
Cave Creek,AZ
New River,AZ
Mesa AZ,AZ
Maricopa,AZ
Paradise Valley,AZ
Rio Verde,AZ
Guadalupe,AZ
Avondale,AZ
El Mirage,AZ
Gila Bend,AZ
Sun City,AZ
Tolleson,AZ
Youngtown,AZ
Sun City West,AZ
Carefree,AZ
Las Vegas,NM
Boulder City,NV
Green Valley,NV
North Scottsdale,AZ
Regent Square,PA
Laveen,AZ
Higley,AZ
Morristown,AZ
Las Vegas ,NV
Fort McDowell,AZ
Shadyside,PA
Mattews,NC
Montr«∏al,QC
Anjou,QC
Saint-Leonard,QC
Montreal-Nord,QC
Montr«∏al-Nord,QC
Pointe-Aux-Trembles,QC
Montreal,QC
Outremont,QC
Mont«∏al,QC
Montreal-Est,QC
Verdun,QC
Westmount,QC
Mont-Royal,QC
Saint-Laurent,QC
Laval,QC
Fabreville,QC
Vimont,QC
Lasalle,QC
Lachine,QC
Pierrefonds,QC
Dollard-Des-Ormeaux,QC
Dollard-des-Ormeaux,QC
Dorval,QC
Pointe-Claire,QC
Kirkland,QC
Sainte-Anne-De-Bellevue,QC
Sainte-Genevieve,QC
Baie-D'urfe,QC
Brossard,QC
Saint-Lambert,QC
Greenfield Park,QC
Saint-Hubert,QC
Longueuil,QC
La Prairie,QC
Terrebonne,QC
Bois-Des-Filion,QC
Lachenaie,QC
Sainte-Therese,QC
Rosemere,QC
Saint-Eustache,QC
Boisbriand,QC
Blainville,QC
Deux-Montagnes,QC
Kitchener,ON
Waterloo,ON
Cambridge,ON
Dallas,TX
Edinburgh,EDH
Edinburgh,MLN
Leith,EDH
South Queensferry,EDH
Dalkeith,MLN
Inverkeithing,FIF
Musselburgh,ELN
Bridgeville,PA
Lasswade,MLN
Newbridge,EDH
Currie,EDH
Juniper Green,EDH
Ratho,EDH
Green Tree,PA
San Tan Valley,AZ
Stallings,NC
Nellis Afb,NV
Spring Valley,NV
Paradise,NV
Mt. Oliver Boro,PA
Tortilla Flat,AZ
Tega Cay,SC
McFarland,WI
Monroe,NC
Edgewood,PA
Tonto Basin,AZ
Nellis AFB,NV
St Jacobs,ON
Beaconsfield,QC
Queensferry,EDH
Rheinstetten,BW
Ettlingen,BW
Neuburg am Rhein,RP
Durmersheim,BW
Eggenstein-Leopoldshafen,BW
Karlsbad,BW
Karlsruhe,BW
W«Ùrth am Rhein,RP
Pfinztal,BW
Rheinstetten-M«Ùrsch,BW
Weingarten,BW
Bietigheim,BW
Hagenbach,RP
Weingarten (Baden),BW
Stutensee,BW
Cote-Saint-Luc,QC
Waldbronn,BW
Jockgrim,RP
Bruntsfield,EDH
Wesley Chapel,NC
Sainte-Anne-de-Bellevue,QC
New Dundee,ON
Mckees Rocks,PA
Montr«∏al-Ouest,QC
Allentown,PA
Summerlin South,NV
Indian Land,SC
Sainte-Th«∏r«˘se,QC
L'«_le-Bizard,QC
LaSalle,QC
Rosem«˘re,QC
Conestogo,ON
St Leonard,QC
St-Laurent,QC
Edinburgh,KHL
Saint Laurent,QC
Glendale Az,AZ
Verona,PA
Roxboro,QC
Qu«∏bec,QC
Oakland,PA
Ft. Mill,SC
Musselburgh,MLN
Balerno,MLN
Communaut«∏-Urbaine-de-Montr«∏al,QC
Glasgow,EDH
Mt. Lebanon,PA
Fort Mcdowell,AZ
Ste-Rose,QC
Millvale,PA
NELLIS AFB,NV
Gaston,NC
Heidelberg,PA
Cramond Bridge,EDH
South Mountain,AZ
Montreal-West,QC
Stutensee-Blankenloch,BW
Bloomfield,PA
Downtown,PA
Lower Lawrenceville,PA
Whitehall,PA
Phoenix Sky Harbor Center,AZ
Lawrenceville,PA
Central City,AZ
phoenix,AZ
Queen Valley,AZ
Stockbridge,EDH
City of Edinburgh,EDH
South Gyle,EDH
Enterprise,NV
Loanhead,MLN
Weddington,NC
New Town,EDH
Saint-laurent,QC
Asheville,NC
Kahnawake,QC
Mascouche,QC
Bocholt,NW
Bruchsal,BW
Gelndale,AZ
St. Jacobs,ON
Old Town,EDH
Shorewood Hills,WI
East Liberty,PA
Central City Village,AZ
Mcfarland,WI
Arlington,AZ
North Queensferry,FIF
Stowe Township,PA
Sun Prairie«_,WI
Scottdale,AZ
Saint Leonard,QC
Central,AZ
Dollard-Des Ormeaux,QC
Portobello,EDH
Repentigny,QC
Dane,WI
Burrito King,IL
Squirrel Hill,PA
Laveen Village,AZ
La Salle,QC
Saint-Henri,QC
Maricopa AZ,AZ
St-Leonard,QC
Montreal,QC
Montreal-Ouest,QC
Edimbourg,EDH
"Chomedey, Laval",QC
Blawnox,PA
Montgomery,NC
Chandler,AK
West Las Vegas,NV
LasVegas,NV
Fort  Mill,SC